Epoch,Epsilon,Reward,Average_Reward

1,0.9994399999999994,7.011074311516754,7.011074311516754

2,0.9981999999999982,33.99214879989749,20.50161155570712

3,0.9978799999999979,-1.6698857150613549,13.111112465450963

4,0.9961399999999961,25.651117181144855,16.246113644374436

5,0.9943999999999944,21.9211447007181,17.38111985564317

6,0.993019999999993,4.0018593139655465,15.1512430986969

7,0.9921599999999922,9.465406735427507,14.338980761086987

8,0.9914599999999915,9.878344579508171,13.781401238389634

9,0.9906999999999907,13.172633561067737,13.713760385353869

10,0.9900599999999901,-1.1272461327005865,12.229659733548422

11,0.9896199999999896,3.9201479143857485,11.474249568169997

12,0.9890799999999891,3.074434269340137,10.774264959934177

13,0.9885999999999886,3.087151051062863,10.182948505405616

14,0.9860599999999861,47.680593913519786,12.861351748842342

15,0.985039999999985,6.065378664212572,12.40828687653369

16,0.9843999999999844,4.69237331199956,11.926042278750305

17,0.9832999999999833,31.90108596404866,13.101044848473737

18,0.9824599999999825,17.92682667048554,13.369143838585504

19,0.9817799999999818,4.188214649868586,12.885937039179352

20,0.9813199999999813,3.8656415668788044,12.434922265564323

21,0.9804999999999805,17.553555627687523,12.678666711379714

22,0.9792199999999792,14.423528370941384,12.757978604996152

23,0.9781599999999782,18.85692854120017,13.023150341352848

24,0.9774399999999774,7.793989208961481,12.80526862750321

25,0.9764999999999765,19.13114758553109,13.058303785824325

26,0.9745599999999746,44.492849648354095,14.267324780537008

27,0.9737999999999738,12.289796512869021,14.194082992845601

28,0.9727399999999727,18.461334038010115,14.346484815887193

29,0.9723799999999724,0.695608845770272,13.875764954848679

30,0.9718199999999718,8.906303519577946,13.710116240339653

31,0.9712999999999713,2.4825010375661254,13.347935104766313

32,0.9705799999999706,8.690283795500019,13.20238350135174

33,0.9701799999999702,0.6650306756192181,12.822463718753784

34,0.9694599999999695,5.802939670118391,12.616007129088038

35,0.9688799999999689,9.85880386702198,12.537229893029009

36,0.9683799999999684,0.5481204424461295,12.204199074957263

37,0.9677399999999677,1.5322988838401104,11.915769340062203

38,0.9672599999999673,4.611204983303295,11.723543962252759

39,0.9665999999999666,4.354055297274526,11.534582714432803

40,0.9661999999999662,2.6267327401692535,11.311886465076217

41,0.9658199999999658,4.024050750977628,11.134134374488445

42,0.9652599999999653,9.380013821216139,11.092369599410533

43,0.9644199999999644,3.5250883490766576,10.916386314519048

44,0.9639399999999639,6.493418975040887,10.815864329530909

45,0.9634599999999635,0.3954944693358726,10.584300554859906

46,0.9626599999999627,13.477476375878283,10.647195681403785

47,0.9613199999999613,29.23282907752528,11.042634689831901

48,0.9604999999999605,17.834737486006357,11.18413683141887

49,0.96001999999996,1.4191662227220743,10.98485171695567

50,0.9587599999999588,16.39148176466273,11.092984317909814

51,0.9578399999999578,9.598810058428729,11.063686783410185

52,0.9564599999999565,27.318301732158684,11.376275532424579

53,0.9558999999999559,-1.2233034970774632,11.13854762620756

54,0.9554999999999555,0.41700403812633136,10.940000522724574

55,0.9548199999999548,12.981066426494559,10.977110811884028

56,0.9541399999999541,18.515794517846633,11.111730163776215

57,0.9528599999999529,40.40508707128387,11.625648706013193

58,0.9523799999999524,1.8536317892237992,11.457165655723719

59,0.9515999999999516,1.7844663892213486,11.293221600359272

60,0.9507799999999508,10.072877219939556,11.272882527352277

61,0.9498599999999499,39.858881436576866,11.741505460290385

62,0.9493599999999494,6.056164320196574,11.64980640964371

63,0.9489199999999489,1.2267990666083026,11.48436184864315

64,0.947979999999948,-12268.540498321996,-180.39102659152306

65,0.946999999999947,-7013.140089635724,-285.51024294604923

66,0.9462799999999463,8.22998522584395,-281.0596334282933

67,0.9457799999999458,2.555402712757277,-276.82657318738205

68,0.9449399999999449,52.24426076113083,-271.987296217551

69,0.9443999999999444,9.257061377413882,-267.91129103501527

70,0.9438999999999439,6.487190780130907,-263.9913127233703

71,0.9424799999999425,40.37014963451997,-259.7045315634

72,0.9414599999999415,-10777.03915811566,-405.7786235988481

73,0.9408999999999409,6.282914086655186,-400.1339450004166

74,0.9402999999999403,7.4672236061347235,-394.62582110032804

75,0.9397999999999398,1.7278345293546291,-389.3411056919323

76,0.939019999999939,15.25014764130318,-384.01753656912655

77,0.9384399999999384,7.009836670542651,-378.93925899458543

78,0.9362999999999363,-10735.136896342032,-511.7110235759629

79,0.9358599999999359,6.106623049023952,-505.1563698212162

80,0.9351799999999352,3.1890290248714876,-498.8020523356402

81,0.9346199999999346,6.424401515468206,-492.56468870784875

82,0.9337399999999337,23.75322383619619,-486.268128798775

83,0.9331199999999331,8.591843929339605,-480.30596045265315

84,0.9325399999999325,4.893183132726856,-474.5297801718748

85,0.9318999999999319,9.338081289082599,-468.83721709586354

86,0.9312999999999313,9.352805756639928,-463.2768679929275

87,0.930959999999931,-1.3925351559381025,-457.9678526729621

88,0.9304999999999305,7.351444192071167,-452.68013339040493

89,0.9297199999999297,9.82812739852235,-447.48341135906867

90,0.9287799999999288,21.49073898625244,-442.27258746634294

91,0.9284199999999284,-0.8452406616864216,-437.42173750145656

92,0.927959999999928,3.5256630587542857,-432.6288309736282

93,0.9272399999999272,6.533806007487522,-427.9066520813582

94,0.9265999999999266,-10822.603227957883,-538.4885305481297

95,0.9262399999999262,-0.23888967023041907,-532.8227448546781

96,0.9256399999999256,2.0269866593796957,-527.2513934847399

97,0.9248599999999249,4.519653765687763,-521.7692177398901

98,0.9244199999999244,3.1837262114237124,-516.4125550465094

99,0.9236799999999237,13.260249417956246,-511.06232469838346

100,0.9226599999999227,21.584747244236674,-505.73585397895727

101,0.9222799999999223,4.060427926740076,-500.68836603929685

102,0.9214599999999215,14.055377378527972,-495.6418587508868

103,0.9211199999999211,-0.36311657854721835,-490.83332727348545

104,0.9207199999999207,1.2204732112381578,-486.10204073036317

105,0.91999999999992,11.091832777257684,-481.36686098267154

106,0.9192399999999192,13.547866838693565,-476.69785411643227

107,0.9186999999999187,7.1021133794284665,-472.17635909310644

108,0.9182999999999183,1.8016061650630757,-467.7876742296049

109,0.9177399999999177,8.770030826214333,-463.41558519239555

110,0.9165599999999166,-8861.210382820249,-539.7591742617396

111,0.915959999999916,8.373837771494827,-534.821039018197

112,0.9155399999999155,1.7755023069085505,-530.0299984706514

113,0.9148599999999149,15.538029128342906,-525.2019628281824

114,0.9141399999999141,2.074358110525063,-520.5767319427551

115,0.9136599999999137,4.5387374179568365,-516.0105104700533

116,0.9131799999999132,5.988852016279793,-511.5105159658608

117,0.912059999999912,24.91420764561875,-506.9256892683268

118,0.9114799999999115,0.13928904373334738,-502.62852843517373

119,0.910979999999911,4.023686695661881,-498.3709467954188

120,0.9105599999999106,1.1700989294814432,-494.20810474771133

121,0.9102599999999103,0.15328286020384407,-490.1224734451666

122,0.9097199999999097,3.748902383286376,-486.07434741378574

123,0.9091399999999091,2.775966391988913,-482.0999546186169

124,0.9078999999999079,18.01528607135653,-478.06676719369773

125,0.9068399999999068,-15402.694454588569,-597.4637886928567

126,0.906059999999906,14.22061701773248,-592.6091505522965

127,0.9053599999999054,14.509231142644008,-587.8286908539111

128,0.9047199999999047,6.312746810250612,-583.1869608721598

129,0.903959999999904,14.775593779605142,-578.5515922314484

130,0.9031599999999032,14.79335069937962,-573.9874003627498

131,0.9023999999999024,16.1767650051825,-569.482330398109

132,0.9017599999999018,5.238806400729927,-565.1283823920572

133,0.9006799999999007,24.609331335204775,-560.6942642437319

134,0.9000799999999001,1.7375487319831082,-556.4970119080923

135,0.8996399999998996,0.19151653414802006,-552.3733931788905

136,0.8992599999998993,-0.9980147411006435,-548.3191624550832

137,0.8983999999998984,36.4735584541151,-544.0506024484467

138,0.8976399999998976,10.559227247834787,-540.0316906390534

139,0.8972399999998972,1.9502981586253085,-536.132539640509

140,0.8955799999998956,-3130.9941505144534,-554.6672654324657

141,0.8953399999998953,-1.9540375986540957,-550.7473134620132

142,0.8943599999998944,29.087002083661396,-546.6639732116915

143,0.8938199999998938,5.602303586935626,-542.8019712760369

144,0.8932999999998933,10.535274350589612,-538.9593515147408

145,0.8924799999998925,34.5095331965645,-535.0043936891456

146,0.8920799999998921,-0.5023164831969487,-531.343420557598

147,0.8905399999998905,38.28698326583599,-527.4683837968944

148,0.8895799999998896,42.27416694095557,-523.6187719675845

149,0.8886999999998887,8.5431920929797,-520.0472151618089

150,0.8881599999998882,0.9373318473316994,-516.5739848484147

151,0.8873799999998874,6.782868898940942,-513.1080454196243

152,0.8867599999998867,4.545536161607302,-509.7024297513267

153,0.886059999999886,-12542.515393560572,-588.3482661160929

154,0.8848199999998848,24.90604591982179,-584.3660952587169

155,0.8839399999998839,19.584391436355748,-580.4696405058454

156,0.8834599999998834,6.501966012532677,-576.7070020025226

157,0.8824799999998825,14.150628986408162,-572.9435776013191

158,0.881999999999882,5.493732345394209,-569.282581968745

159,0.8814599999998814,1.0995482975290205,-565.6952729733597

160,0.8805999999998806,2.3399388200634483,-562.1450528996508

161,0.8802999999998803,-0.5688358513407237,-558.6570018620836

162,0.8798999999998799,1.3523746665765763,-555.2001538588203

163,0.8792599999998792,13.351902243108043,-551.712104434882

164,0.8783799999998784,38.94283353781445,-548.1105499350485

165,0.8774799999998775,16.278367872609333,-544.6900110392445

166,0.8768599999998768,20.486416428860938,-541.2853337653404

167,0.8762999999998763,6.16787500951115,-538.0071708385448

168,0.875959999999876,-0.5398714259785153,-534.8079607229939

169,0.8748999999998749,28.428341495937687,-531.4752015382664

170,0.8743999999998744,1.6574483203065977,-528.3391271273337

171,0.8737599999998737,3.5146603234576634,-525.22887106037

172,0.872999999999873,-7564.864573943786,-566.1569856120178

173,0.8717999999998718,30.468481570221968,-562.7082834895771

174,0.8715199999998715,-2.595173428837105,-559.489242627159

175,0.8711599999998711,1.377738599202349,-556.2842884487226

176,0.8704399999998704,13.951826872529143,-553.044310520761

177,0.8697999999998698,-8289.270677177672,-596.7518041176927

178,0.8683399999998683,83.2417501874303,-592.9316156103606

179,0.8675999999998676,2.0233943123834113,-589.6078446052055

180,0.8663999999998664,4.943366468617176,-586.3047823214621

181,0.8654599999998654,26.092895912508535,-582.9213697345341

182,0.865059999999865,-0.37919354891179236,-579.720588546701

183,0.8646599999998646,-0.49639364681363274,-576.555429011729

184,0.8636399999998636,51.23669554208091,-573.1435152913277

185,0.8631999999998632,4.751616408060977,-570.0197578226824

186,0.8625799999998626,17.572901805196476,-566.8606575021024

187,0.8617399999998617,20.071657669351307,-563.7219820199022

188,0.8611599999998611,12.449565195233074,-560.6572397474812

189,0.8604799999998605,4.312186380397637,-557.6679835245824

190,0.8601399999998601,-1.0830451912111743,-554.7385891123015

191,0.8594999999998595,-10631.712410481776,-607.4976143550736

192,0.8591199999998591,0.9646807720394146,-604.3285399012865

193,0.8585599999998585,8.989598434489228,-601.1507257130182

194,0.8574999999998575,-18553.840672652495,-693.6903646147681

195,0.8566599999998566,22.96488053494578,-690.0152095114363

196,0.8560999999998561,0.8462749815137696,-686.4904060191253

197,0.8556599999998556,3.737490390151587,-682.9867111134945

198,0.855019999999855,16.62535779362832,-679.4533168260848

199,0.8543599999998543,5.625752190486363,-676.0107084390668

200,0.8533999999998534,-15708.718612121227,-751.1742479574776

201,0.8528999999998529,12.033824184245807,-747.3771928721955

202,0.8521999999998522,10.056545948489854,-743.6275208978357

203,0.8518399999998518,1.1684521644922428,-739.9585752177256

204,0.8514999999998515,0.31688807066897384,-736.3297739270963

205,0.8511799999998512,-0.5553470269620782,-732.740630381242

206,0.8508399999998508,1.3122590164610433,-729.1772668404765

207,0.85001999999985,21.256728947116283,-725.5519818366715

208,0.8490999999998491,11.281513012597877,-722.0095131114347

209,0.8482799999998483,25.453600938095022,-718.4331345753126

210,0.8475799999998476,-12826.77674763164,-776.0919136851046

211,0.8466599999998466,0.8982540014077558,-772.4094958287703

212,0.8459399999998459,17.29536953366063,-768.6844728789476

213,0.8454999999998455,-1.5225924594609654,-765.082773909842

214,0.8446799999998447,25.448953242210088,-761.3887004184772

215,0.8442599999998442,0.4711842930113539,-757.8451660709819

216,0.8437599999998437,2.4001087421411107,-754.3255120209212

217,0.8434399999998434,-0.8564073408789596,-750.8533041652529

218,0.8418999999998419,-66.41658517830024,-747.7136861882485

219,0.8414599999998414,2.687783072884912,-744.2871954610288

220,0.8408999999998409,5.224706662029519,-740.8803231786511

221,0.8406399999998406,-1.7284005373020466,-737.53574434317

222,0.8403199999998403,0.5716712578067584,-734.2109361647872

223,0.8397399999998397,8.284523203073515,-730.8813601138103

224,0.8391399999998391,10.28388620001214,-727.5725866927662

225,0.8386999999998387,5.402329238864002,-724.3149203997369

226,0.8381799999998382,16.15459993499549,-721.0385065929461

227,0.8378199999998378,0.22874278347831734,-717.8611178291733

228,0.8371399999998371,-10480.771548446151,-760.6809004195986

229,0.8365999999998366,6.944015223749069,-757.3288265521603

230,0.8363199999998363,-2.470465168414995,-754.0468336765789

231,0.8357599999998357,6.743889272617327,-750.7533673434655

232,0.8346199999998346,29.14268990631997,-747.391746407044

233,0.8336199999998336,34.37456393933067,-744.0365261909651

234,0.8325599999998325,-114.02366853680472,-741.3441635514174

235,0.8318999999998319,18.271724148424514,-738.1117555186521

236,0.8315399999998315,1.25157116359114,-734.9788600666087

237,0.8308799999998309,1.5377327431323096,-731.8711951180444

238,0.8303999999998304,1.0124214792378936,-728.791852191165

239,0.8287599999998287,79.21706804287493,-725.4110617299348

240,0.8278799999998279,23.393386752933,-722.2910431945895

241,0.8273399999998273,11.438043475385134,-719.2465241627639

242,0.8266599999998266,5.435388048471507,-716.2519708065191

243,0.8262999999998263,0.307989834434089,-713.3031643841284

244,0.8256599999998256,10.265062345892408,-710.3377208319562

245,0.8252199999998252,4.490445811148773,-707.4200548456578

246,0.8244399999998244,10.951998865488623,-704.499843245206

247,0.8236999999998237,25.419521509765385,-701.5447041166434

248,0.8231199999998231,7.8965388261238285,-698.6840539434869

249,0.8225399999998225,14.719136355574577,-695.818980890077

250,0.8217799999998218,3.902134115416489,-693.0200964300551

251,0.8211999999998212,13.451854963883278,-690.205467141633

252,0.8207599999998207,0.6113915718047624,-687.4641304007067

253,0.8201199999998201,5.006130884981676,-684.7270937948344

254,0.8192999999998193,25.713023738197066,-681.9300854580902

255,0.8187999999998188,5.5689281946713844,-679.2340108947461

256,0.8181999999998182,15.563809293034591,-676.5199569096376

257,0.8175399999998175,11.570332234409266,-673.8425627884544

258,0.8168599999998168,10.564913783684824,-671.189820631198

259,0.8162199999998162,-499.26062166211943,-670.5260013301593

260,0.8159199999998159,1.502845624300388,-665.3623199184507

261,0.8151999999998152,11.545169288248097,-662.7787035474328

262,0.8146199999998146,2.2924963089700006,-660.2499157152791

263,0.813999999999814,7.534943008005218,-657.7204276140546

264,0.8136999999998137,-0.16213757979511767,-655.2390755761896

265,0.813059999999813,20.47347979426781,-652.698802811639

266,0.8127599999998127,-1.5362647410905814,-650.2599918076294

267,0.8118599999998118,22.917359381812375,-647.7481360196092

268,0.8115199999998115,1.473920075065454,-645.3346711270639

269,0.8099399999998099,76.32419973229219,-642.6618604942514

270,0.8092599999998092,16.28874284701122,-640.2303084524018

271,0.8088599999998088,1.2815809377785738,-637.8718088590555

272,0.8081999999998082,-7048.893897028143,-661.3554062516162

273,0.8078599999998078,-0.5561462708012788,-658.9437301202994

274,0.8074799999998075,4.605536702674628,-656.5308236954886

275,0.8071399999998071,-0.7845479808575533,-654.1549313921746

276,0.8066199999998066,35.66493717431817,-651.6646069569166

277,0.8059599999998059,13.085739298476376,-649.2734186610338

278,0.8056599999998056,-0.9892655098562002,-646.9498195457967

279,0.8051399999998051,25.14356554978253,-644.5494860275982

280,0.8042999999998043,-24086.938869615882,-727.974359278802

281,0.8038599999998038,9.352685861715784,-725.3597243669562

282,0.8031599999998031,19.52178239527186,-722.7276342370543

283,0.8024399999998024,22.78810702777931,-720.1025788100654

284,0.801999999999802,6.101288791388194,-717.5544950640955

285,0.8016399999998016,6.156467593231575,-715.0240371527062

286,0.8010799999998011,15.749690596760463,-712.4777872302342

287,0.8006599999998006,-0.09266452472354825,-710.0042277763956

288,0.8001799999998002,28.797372024192402,-707.4478208566703

289,0.7988599999997988,60.14540520174734,-704.8009476633655

290,0.7985199999997985,1.2832468443892404,-702.3745414966721

291,0.7980799999997981,10.007568977611637,-699.934876734774

292,0.7963799999997964,79.36197116763623,-697.2751605303289

293,0.7957799999997958,0.09854360641794013,-694.9031411285032

294,0.7954599999997954,-0.402516779524392,-692.5489017239304

295,0.7947999999997948,-12161.514695429114,-731.2954077837452

296,0.7937399999997937,31.349684013225286,-728.7275791918362

297,0.7934199999997934,0.11831949151255428,-726.2817875855162

298,0.7928799999997929,11.469219799578806,-723.8143929119875

299,0.7924999999997925,1.3875497891382302,-721.3970531029837

300,0.7919599999997919,0.08637721961958,-719.0000981849686

301,0.7913199999997913,20.616148176427103,-716.5510377665533

302,0.7909399999997909,-0.3946167425367877,-714.1874852219196

303,0.7900799999997901,24.68045380515835,-711.7569985803832

304,0.7894599999997894,43.90644645082817,-709.279413514707

305,0.7891599999997891,-1.9875157990020265,-706.9680020842635

306,0.7888599999997888,-1.6332350865957046,-704.6704946999063

307,0.7882399999997882,17.80884948256823,-702.3247825434696

308,0.7875399999997875,21.486334780827434,-699.9823517430674

309,0.7875199999997875,0.0,-697.7243441567995

310,0.787059999999787,1.4144012897739087,-695.4763096055243

311,0.7863999999997864,17.684668973277553,-693.1905372382846

312,0.7858199999997858,13.535218474926058,-690.9326274756227

313,0.7850999999997851,10.814081918283017,-688.6977653437949

314,0.7847399999997847,6.160966357451986,-686.4918646082355

315,0.783999999999784,-254.06442217841027,-685.1234233347232

316,0.7834399999997834,13.80341932867709,-682.918606796353

317,0.7829199999997829,7.547714770836979,-680.7473290555756

318,0.7825399999997825,1.3271972022423029,-678.6091643964602

319,0.7818599999997818,10.27953100716074,-676.4563872233239

320,0.7814999999997815,2.3061815630216076,-674.3418620869178

321,0.7810799999997811,9.20063391670671,-672.2190593042978

322,0.7802999999997803,5.930449169042559,-670.119525222337

323,0.7798999999997799,7.979988951112627,-668.0266254872338

324,0.7792999999997793,26.378999866407135,-665.889992793838

325,0.7782999999997783,-15558.714163679599,-711.5735025204815

326,0.7779599999997779,-0.043017244432141055,-709.3975683147443

327,0.7771399999997771,13.487797045848078,-707.1936495179132

328,0.7763799999997764,33.435507731212525,-704.9424970642684

329,0.7757799999997758,0.7386723807238695,-702.8040692780714

330,0.7753999999997754,-1.4862741976002019,-700.6852843986743

331,0.7746999999997747,14.847996285517333,-698.530063673722

332,0.7742599999997742,1.646537822793702,-696.4274312367954

333,0.7736399999997736,14.618596005651035,-694.2985509157103

334,0.7732799999997733,1.1092303404790425,-692.2227067925575

335,0.7726599999997726,22.071143244557266,-690.0968322388757

336,0.7721199999997721,15.252232341044177,-688.0038083083714

337,0.7716799999997717,9.456351097151707,-685.9403167124971

338,0.7711199999997711,18.69948428056044,-683.8617332287417

339,0.7705199999997705,11.486034627780752,-681.8165927350461

340,0.7701999999997702,-1.0251728535139821,-679.8201369582674

341,0.7701799999997702,0.0,-677.8323587800269

342,0.7697599999997697,15.456629256451475,-675.811108086043

343,0.7693399999997693,3.0162864385695602,-673.8377726368435

344,0.7688399999997688,14.396477595942223,-671.8428907521107

345,0.7683399999997683,7.505510855506154,-669.8794560653835

346,0.7672799999997673,-1424.2600095971382,-672.0534634242647

347,0.7665599999997665,11.853125323588976,-670.0882146060237

348,0.7660999999997661,4.486372321629127,-668.1553361334517

349,0.7655399999997655,10.648027601783808,-666.2158979513509

350,0.765059999999765,21.204280064275014,-664.2574359057224

351,0.7646199999997646,3.390170320697721,-662.3607097516701

352,0.7638399999997638,87.80749998132657,-660.2355873444944

353,0.763039999999763,33.96483897272231,-658.274569191056

354,0.7623399999997623,20.653184695118686,-656.3620966448977

355,0.7615199999997615,18.530458853293226,-654.4663310395657

356,0.7611399999997611,2.900776435001495,-652.6249665928583

357,0.7599199999997599,36.662805646483434,-650.6995817542008

358,0.7593999999997594,11.825651677273607,-648.8541075663695

359,0.7588799999997589,17.1663455281588,-647.0040507522181

360,0.7582799999997583,-1202.3618619461452,-648.5424380408438

361,0.7573799999997574,25.624992818610718,-646.6800970716188

362,0.7561799999997562,-194.02244706276667,-645.4331063002446

363,0.7553799999997554,27.23404061689392,-643.5851196328898

364,0.7545799999997546,68.647056917003,-641.6337986012463

365,0.7542799999997543,-1.1121465020690007,-639.8837394425054

366,0.7538999999997539,1.6724556261580688,-638.1356299191574

367,0.7535999999997536,-1.3576924126153882,-636.4052550889767

368,0.7533199999997533,-2.4754164559541816,-634.6872880466107

369,0.7525199999997525,95.49083329221011,-632.713833664614

370,0.752059999999752,3.2376398040418133,-630.9996787496041

371,0.7512199999997512,11.382801105020942,-629.272844126339

372,0.7508799999997509,-0.19884634594438833,-627.5863186631208

373,0.7503199999997503,-18394.491476363342,-675.0914126676668

374,0.7496599999997496,33.18660570348592,-673.2026712853436

375,0.7492999999997493,-0.8027689391817816,-671.4143736727209

376,0.7485599999997485,10.24255767285459,-669.6062651015125

377,0.7475399999997475,21.455043586010728,-667.778060581175

378,0.7472199999997472,0.26046456706766996,-666.0154259501771

379,0.7461599999997461,68.35883991238788,-664.0828620926441

380,0.7454799999997455,9.47097663390402,-662.3150042482174

381,0.7446799999997447,27.76799389455334,-660.5085042530793

382,0.7442999999997443,13.08406678234422,-658.7497769135612

383,0.7436999999997437,27.469645393553325,-656.9627471679697

384,0.7432999999997433,1.1330879657726358,-655.2534073364535

385,0.7422799999997423,-89.03636708434857,-653.7865238124843

386,0.7418599999997418,5.0013574273930095,-652.0842295457147

387,0.7411599999997411,-12790.375204553122,-683.36848463594

388,0.7404399999997404,42.29070581477377,-681.5030368455782

389,0.7404199999997404,0.0,-679.7555931613588

390,0.7392599999997392,60.406180945053904,-677.8625962966365

391,0.7387599999997387,14.440971831050803,-676.0965157656985

392,0.7382199999997382,43.09537659678608,-674.2665109505268

393,0.7374999999997375,27.454899803496918,-672.4854921415065

394,0.7369599999997369,29.06475589894917,-670.7094155641888

395,0.7363799999997364,9.832253643905759,-668.9908759954816

396,0.736019999999736,2.3680912176056665,-667.2997954735341

397,0.7355599999997355,13.893904445511478,-665.5882535139385

398,0.735059999999735,6.078165499807687,-663.9048790301948

399,0.7343599999997343,18.846997169216444,-662.1979993396964

400,0.7337599999997337,14.28970027657796,-660.5109975950173

401,0.7332599999997332,57.991954726128014,-658.7236768180991

402,0.7328199999997328,10.333292489506007,-657.0634858272614

403,0.7324999999997325,0.7517640290428651,-655.4352302583101

404,0.7319199999997319,22.88436846702544,-653.7603670515808

405,0.7313999999997314,9.345594477333242,-652.1271011364851

406,0.7308999999997309,2.375972105320905,-650.5189854774143

407,0.7305999999997306,-1.3569303769192294,-648.9279020090307

408,0.7300799999997301,-354.13311982263855,-648.2071323704332

409,0.7294599999997294,-11656.156965671982,-675.055790500437

410,0.729019999999729,11.985589306156015,-673.384156972927

411,0.7285799999997286,4.113124175152899,-671.739746096354

412,0.7279399999997279,58.464788468192,-669.9716963758588

413,0.7276399999997276,-2.0525527709407267,-668.3583651111126

414,0.7276199999997276,0.0,-666.7478630265075

415,0.7266799999997267,24.97248892529542,-665.085073718931

416,0.7262799999997263,16.413155249960255,-663.4507854000608

417,0.7259199999997259,1.1880771247374367,-661.8607402744034

418,0.725039999999725,18.18428522303034,-660.2377211204716

419,0.7243999999997244,7.0486582775901105,-658.6489440266666

420,0.724059999999724,3.6996365371185913,-657.0756694885104

421,0.7237799999997238,-0.6573048451611458,-655.5201757334314

422,0.7231399999997231,30.727647102028058,-653.8978404548604

423,0.7225399999997225,15.40804762804963,-652.3192888320235

424,0.7215999999997216,17.932614005081245,-650.7422255312304

425,0.7206599999997206,26.839114388383233,-649.1516590055973

426,0.7202999999997203,3.151219798020785,-647.6240176032469

427,0.7196799999997197,10.642614195503795,-646.0860114541845

428,0.7192199999997192,6.4998237247429,-644.5648323512033

429,0.7188399999997188,1.142758966076098,-643.0631867900004

430,0.7184799999997185,3.136521369024056,-641.56388352281

431,0.718039999999718,12.525509861818529,-640.04978770479

432,0.7173599999997173,41.14308795215308,-638.4765939965753

433,0.717039999999717,-0.5200498323792995,-637.0066480422801

434,0.7156599999997156,137.21774482498336,-635.2268218517805

435,0.7152599999997152,2.3165503770063838,-633.7645664108888

436,0.713979999999714,4.025303039882104,-632.3050930254179

437,0.7132999999997133,-16701.734056605837,-668.9932870061951

438,0.7125199999997125,18.47200795904931,-667.4273068354314

439,0.7118999999997119,15.25755422961236,-665.875750333011

440,0.7115399999997115,1.5510510058836369,-664.3623108741925

441,0.7109199999997109,15.477953754640637,-662.8242107279734

442,0.7108999999997109,0.0,-661.3279935480006

443,0.7102599999997102,15.521414147933395,-659.8035579450818

444,0.7097399999997097,16.15635981206345,-658.2845468939423

445,0.7092999999997093,21.928603263933045,-656.75940530166

446,0.7085399999997085,37.501010404968675,-655.2062500092514

447,0.7078799999997079,32.41976956136992,-653.6713705012813

448,0.7073399999997073,25.798059033883113,-652.1580755579957

449,0.706999999999707,1.9797391508556466,-650.7044359697538

450,0.7066399999997066,0.6316867291719759,-649.2602317065634

451,0.7061199999997061,13.857090237139232,-647.793157985449

452,0.7055999999997056,8.811079979027891,-646.3437005064987

453,0.7052799999997053,-0.21784962034012878,-644.9205158129167

454,0.7047599999997047,4.633274855598682,-643.4929250641949

455,0.7044399999997044,0.857012118334032,-642.0798769563385

456,0.704019999999704,3.279475598529751,-640.667712071098

457,0.7036399999997036,0.16761963235554367,-639.2685082900861

458,0.7025199999997025,34.754582620338724,-637.800048397035

459,0.702019999999702,11.00247401551384,-636.3896081309209

460,0.7012799999997013,19.235675004395215,-634.9674274733604

461,0.7002799999997003,67.23977244528828,-633.4474984692075

462,0.6998599999996998,1.9126614439067362,-632.0752303052483

463,0.6994599999996994,2.2156825842569097,-630.7082240274693

464,0.6987199999996987,-17858.497355503816,-667.7572329123648

465,0.6976999999996977,38.356737135442934,-666.2419668822192

466,0.6964999999996965,70.4706322893087,-664.664423843308

467,0.6961399999996961,0.8145462894141726,-663.2424602319134

468,0.6955599999996955,12.696164741281397,-661.8012264899662

469,0.6949199999996949,24.239677409283,-660.3415649923082

470,0.6945399999996945,1.149301588224822,-658.9371257851309

471,0.6938199999996938,84.43844040051621,-657.3621775516867

472,0.6932999999996933,2.9007658728348167,-655.9662728087173

473,0.6926799999996927,3.21766651929509,-654.5755893924136

474,0.6919199999996919,31.732911849106003,-653.1307293897997

475,0.6915999999996916,1.7531101187669265,-651.7549230042775

476,0.6910999999996911,7.651359017775391,-650.3725198973132

477,0.6907199999996907,1.805843454347574,-649.0081300158242

478,0.6902399999996902,4.391550466126315,-647.644038824839

479,0.6898199999996898,7.160417395798866,-646.2798628743792

480,0.6893599999996893,2.7967221445404453,-644.9304313046933

481,0.6889399999996889,19.35388537250556,-643.5522480750726

482,0.6884799999996885,20.292560915462673,-642.1778281806822

483,0.688019999999688,5.440550407646912,-640.8397736794667

484,0.6876799999996877,4.0732802703524165,-639.5100560424569

485,0.6871599999996871,20.145522447447224,-638.1527400373335

486,0.6866999999996867,7.041683158994795,-636.8279054927825

487,0.6855199999996855,81.16264214008592,-635.3566133869775

488,0.685039999999685,23.799096073964243,-634.0086467009634

489,0.6845199999996845,10.726601537049827,-632.6928604800694

490,0.684079999999684,8.766466691424998,-631.3864260051784

491,0.6834199999996834,16.189548368595467,-630.0702146751504

492,0.6829599999996829,9.500761695064146,-628.7729104634461

493,0.6826199999996826,-0.7615595001955531,-627.5016324250589

494,0.6819399999996819,27.02396141339089,-626.1793584981126

495,0.6812399999996812,36.64139463645235,-624.8430263345349

496,0.6809399999996809,1.266841283295438,-623.5832479288651

497,0.6803399999996803,0.981108532261433,-622.3291026347665

498,0.6798399999996798,7.251120623020212,-621.0674188206227

499,0.6791999999996792,14.87986786188669,-619.7955242472576

500,0.6786999999996787,7.498453236555278,-618.5434404598648

501,0.6778599999996778,26.509761918453904,-617.2584739212626

502,0.6772799999996773,18.92696207855077,-615.9936917423365

503,0.6764399999996764,17.949998927805606,-614.7358669592608

504,0.675999999999676,1.319093716769074,-613.5159561460409

505,0.6755999999996756,-1.3136199788270402,-612.3060701061847

506,0.6751199999996751,11.729710946954084,-611.0752303013463

507,0.6745999999996746,5.337667590179329,-609.8618190850243

508,0.6739599999996739,42.316611895098006,-608.5805255074602

509,0.6734199999996734,5.334984389115327,-607.3767696057023

510,0.6727599999996727,20.231565911920093,-606.1485732543957

511,0.6724199999996724,-0.2909062558773332,-604.9652574985394

512,0.6717999999996718,11.719256551088547,-603.7631434360644

513,0.6713399999996713,14.535958801491034,-602.5602268947463

514,0.6708599999996708,4.058024626037605,-601.3823273772301

515,0.6694799999996695,-33145.16498689487,-664.4516736166054

516,0.6694599999996694,0.0,-663.1664672846584

517,0.6691599999996691,-1.4188481713782095,-661.8889622284552

518,0.6686399999996686,1.3444072769010864,-660.6110559288302

519,0.6681799999996682,12.191685664249285,-659.3172045026897

520,0.6678399999996678,-0.49020642437792317,-658.0526613201978

521,0.6674599999996674,-0.012149947807231332,-656.7920473137373

522,0.6668999999996669,15.186204765084373,-655.5071940592844

523,0.6663199999996663,10.711477206405375,-654.2357843812963

524,0.6657799999996658,28.620412067125535,-652.9351059118708

525,0.6651399999996651,1.2685353155065116,-651.6913727536439

526,0.6647799999996648,1.7411474451411184,-650.4514628481434

527,0.6643599999996643,-0.04613985798444453,-649.2196345849044

528,0.6635799999996636,31.105368456304802,-647.9335759780213

529,0.6632799999996633,-0.456497701179734,-646.7119211133479

530,0.6624399999996624,62.20752469397992,-645.3768562436543

531,0.6614599999996614,61.457881451114005,-644.0482195186642

532,0.661039999999661,7.098005562090117,-642.8265568074432

533,0.6604199999996604,12.15571114528942,-641.5999982532245

534,0.6601599999996601,-1.7102583406434688,-640.403942664603

535,0.6592399999996592,60.92370914441557,-639.095495553019

536,0.6587599999996587,2.8906303956073183,-637.8999906629842

537,0.6578399999996578,66.27106617470899,-636.5911225275981

538,0.6571199999996571,19.27756951818811,-635.3742974959733

539,0.6561799999996561,24.671401493357358,-634.151990645993

540,0.6557599999996557,5.916567652683222,-632.9688694661434

541,0.6551999999996552,49.14065877906123,-631.7103648014843

542,0.6543999999996544,53.23667865974647,-630.448952198425

543,0.6540999999996541,-0.1751387668773532,-629.2903606296171

544,0.6535399999996535,-32398.508598062006,-687.5825041845388

545,0.6531599999996531,2.5349421238613177,-686.3185528176737

546,0.6528799999996528,-0.5260820511802322,-685.0648188674608

547,0.652019999999652,18.37176710412058,-683.7811754624031

548,0.6515599999996515,17.93048364308767,-682.5030121489141

549,0.6512399999996512,-1.0551598268340392,-681.2640160537829

550,0.6509399999996509,-1.063703372377337,-680.0295327276824

551,0.6504599999996504,6.370237109593747,-678.7860548837743

552,0.6495799999996495,-1508.103914527932,-680.2857255160421

553,0.6488799999996488,38.94869418846745,-678.9874684407633

554,0.648059999999648,26.304963144556893,-677.7166712667357

555,0.6475999999996476,11.194733398708685,-676.4776219777691

556,0.6467799999996467,141.58275074720518,-675.0089319010635

557,0.6463599999996463,6.4691771975429155,-673.7876449671951

558,0.6459599999996459,2.100991881919999,-672.5785418601305

559,0.6453999999996454,31.172847139564638,-671.3218429512024

560,0.644999999999645,3.923468505333238,-670.118197119729

561,0.6441999999996442,125.36607786551718,-668.7027446731361

562,0.6436999999996437,1.865929499874757,-667.5116813087079

563,0.6428799999996428,113.7688174013933,-666.1264321975199

564,0.642019999999642,-14530.942052854909,-690.6659288712498

565,0.6415199999996415,22.007437779953705,-689.4067886474844

566,0.6410999999996411,0.3664572600229019,-688.1902573495876

567,0.6406799999996406,3.378462447801767,-686.972706786564

568,0.6401399999996401,28.96260638851976,-685.714472492759

569,0.6394799999996394,50.998275884967484,-684.4219939868332

570,0.6386799999996386,22.27792723926023,-683.184340884861

571,0.638059999999638,10.684484936307479,-681.9712834970617

572,0.6375199999996375,26.554379811907694,-680.7347640148471

573,0.6367399999996367,52.074294379576365,-679.4580931814073

574,0.6361999999996362,17.991287622786533,-678.2451377365305

575,0.6354199999996354,78.71972040635544,-676.930962635588

576,0.635019999999635,6.334032501532272,-675.7467945330973

577,0.6343399999996343,45.125356224151936,-674.4996108812682

578,0.6338399999996338,18.32723574163899,-673.3030187454773

579,0.633079999999633,22.84974995505805,-672.102755351166

580,0.6327799999996327,-1.3327088798804252,-670.9482458047438

581,0.6322799999996322,14.011108821575291,-669.7713396971384

582,0.6316999999996317,31.352262486407938,-668.5687263143194

583,0.6307799999996307,-24191.627068599973,-708.8479358045346

584,0.6299399999996299,-494.18617766851065,-708.4809926282337

585,0.6292799999996292,57.10460444412741,-707.1745325649703

586,0.6287199999996287,8.126069482556964,-705.9559625444464

587,0.6282599999996282,15.27370584921211,-704.7293814757496

588,0.6275799999996275,40.842806608605265,-703.4635543312941

589,0.6272599999996272,0.8065928960267117,-702.2698761156545

590,0.6268199999996268,17.629891864540284,-701.0517716013057

591,0.6263199999996263,-19207.42023261445,-732.3125291368008

592,0.6256999999996257,26.439460472371447,-731.0330148204278

593,0.6248799999996248,36.03477948943006,-729.7416548973472

594,0.6242399999996242,-13141.493607731802,-750.6017422130353

595,0.6238399999996238,5.57251794266363,-749.3329934543848

596,0.6234199999996234,3.4556974912946963,-748.0720408732362

597,0.6226399999996226,26.569656084403352,-746.7766534201298

598,0.6218999999996219,40.01729827941571,-745.4631409798968

599,0.6213399999996213,20.176947523411016,-744.1870741657248

600,0.621039999999621,-1.0563707267091764,-742.9505838105849

601,0.6204799999996204,29.86823771700587,-741.6668316153564

602,0.6199199999996199,2.5176174235353184,-740.4326948839486

603,0.6194999999996195,1.351860436151549,-739.2045747592464

604,0.6191199999996191,3.660178124179243,-737.9766991346457

605,0.6183599999996183,18.10489477576876,-736.7290397387541

606,0.6176999999996177,39.791641549926396,-735.4497634928089

607,0.616999999999617,47.605503358133554,-734.1618436460147

608,0.6164199999996164,28.340553104040637,-732.9097871653086

609,0.615979999999616,11.135448996949144,-731.690040876518

610,0.6154199999996154,11.588371512002023,-730.4735459298919

611,0.614979999999615,5.719511008721273,-729.2706160982929

612,0.6143999999996144,38.64946174169434,-728.0178916646224

613,0.6139199999996139,12.622000415745266,-726.8116377687261

614,0.6135399999996135,7.430410449573817,-725.617748259428

615,0.6130999999996131,10.528716336150396,-724.4227052974222

616,0.6122999999996123,-9075.674144074252,-737.9579588448725

617,0.612019999999612,-0.8821212967839389,-736.7652794960892

618,0.6116999999996117,0.3320522663281036,-735.5744922072969

619,0.6112799999996112,5.3735402204746805,-734.3794147356392

620,0.610999999999611,-1.6041909538715582,-733.1994224268119

621,0.6105999999996106,6.476298189931557,-732.0102331653702

622,0.6101199999996101,11.718347784653263,-730.8164473211485

623,0.6096399999996096,-24998.27338599862,-769.7066026715931

624,0.6090999999996091,30.392482326634138,-768.4264441355961

625,0.6085399999996085,30.182104596467063,-767.1507116296343

626,0.608039999999608,18.123625136773825,-765.8982804705173

627,0.6075999999996076,-13785.680189272347,-786.6304172679723

628,0.6068199999996068,-22373.89792383304,-820.9503974055957

620,0.6105599999996105,76.58430405826874,-730.6993326195422

621,0.6099599999996099,42.60928676333838,-729.4600559859158

622,0.608979999999609,45.26090069558147,-728.2205024552254

623,0.6086599999996086,0.8983399415855153,-727.055775869927

624,0.6083199999996083,1.886874020068376,-725.8931879115696

625,0.6077999999996078,46.90486996623455,-724.6626177557133

626,0.6071399999996071,13.708710000450097,-723.4887364715222

627,0.6066799999996066,10.670570622941838,-722.323404238039

628,0.6055399999996055,39.5662340802642,-721.1159721646344

629,0.6047799999996047,23.07251834663894,-719.9384587302811

630,0.6039399999996039,-5641.226079548333,-727.713004734733

631,0.6029199999996029,75.9349230081133,-726.4454212524887

632,0.6024199999996024,8.077169105947089,-725.2886927637352

633,0.6019399999996019,13.484167788067396,-724.1271002156979

634,0.6016599999996016,-1.3164087278928782,-722.9923895540215

635,0.6012599999996012,4.630543584605395,-721.8519147371899

636,0.6009399999996009,-0.27703193946886007,-720.7226895684923

637,0.6005799999996005,0.42150846350047244,-719.5959017590674

638,0.5997999999995998,44.66643211312869,-718.4036048263495

639,0.5986799999995986,-17319.86267027787,-744.2625753332833

640,0.5983399999995983,-0.14337455013626377,-743.1053137457512

641,0.598019999999598,0.17405891264754558,-741.9511532292008

642,0.5972999999995973,-407.32044966670503,-741.4323459368559

643,0.5969599999995969,0.980851060760016,-740.2830995018751

644,0.5965999999995966,2.6852793857851314,-739.1347712501167

645,0.5961799999995961,3.1697899265171676,-737.9892395199058

646,0.5954999999995955,12.445787217311533,-736.8329451797869

647,0.5954799999995954,0.0,-735.6993560333565

648,0.5951599999995951,-0.49470776012510065,-734.5700094154251

649,0.5948199999995948,1.1703175878341696,-733.4415733310644

650,0.5944799999995944,-0.6065674815537951,-732.3193145165934

651,0.5941599999995941,-1.1926075127818385,-731.2013837719393

652,0.5934199999995934,29.735916766242156,-730.0396474352398

653,0.5929599999995929,5.293215766635459,-728.9187131925539

654,0.5922399999995922,13.106721399513603,-727.7892985280303

655,0.5912999999995913,35.92844073739913,-726.628633270788

656,0.5908399999995908,11.236831336068072,-725.5089588176669

657,0.5904799999995904,2.659537517853771,-724.4056732171584

658,0.59003999999959,8.01270292856162,-723.2976272623238

659,0.5895599999995895,4.782778427215318,-722.1978079183818

660,0.5889399999995889,19.556471984886688,-721.0790231824794

661,0.5884199999995884,29.42992153290747,-719.9487386271852

662,0.5879599999995879,6.942119747241115,-718.8556696672237

663,0.5875999999995876,1.1316440926309075,-717.7746076345512

664,0.5868999999995869,25.50557781051738,-716.6602445379319

665,0.5862999999995863,22.503948581111196,-715.5537113146999

666,0.5853799999995853,-32104.222646504113,-762.4724989607229

667,0.5849399999995849,7.4580445264371935,-761.3233488958166

668,0.5845599999995845,2.3955021164143027,-760.1851687899862

669,0.583999999999584,15.818514116686359,-759.0304014047085

670,0.5833199999995833,12.345040547046771,-757.8842268995797

671,0.5827999999995828,1.1165109986532489,-756.7581130451313

672,0.5822999999995823,5.9448420348499535,-755.628182741309

673,0.5815999999995816,22.914571049368345,-754.4764922771217

674,0.5812399999995812,2.4733350054593757,-753.3583979975314

675,0.5807199999995807,20.763427351831673,-752.2166253937713

676,0.5801999999995802,24.276986993763842,-751.0730412812712

677,0.5794999999995795,-8796.139439834775,-762.904021279144

678,0.5788199999995788,33.29551453785903,-761.7348589651689

679,0.5778799999995778,40.204833244484675,-760.5589943138351

680,0.5774399999995774,2.827566378984857,-759.441298031708

680,0.5773399999995773,40.19221784477792,-758.2722431839354

680,0.5775199999995775,9.726398922100744,-757.1510772830505

681,0.576999999999577,-19605.992319825422,-784.6275222430249

682,0.5766599999995766,33.221762338031006,-783.4370574910876

683,0.5763999999995764,13.88081878588078,-782.278165229057

684,0.5761399999995761,1.4374697018159237,-781.140696963555

685,0.5757999999995758,2.9866102107623442,-780.0042805763458

686,0.5743999999995744,156.43403606172456,-778.6490876434399

687,0.5739399999995739,15.949890527986902,-777.500823224117

688,0.5735199999995735,-405.09347509072154,-776.963438883376

689,0.5731399999995731,2.828858263968785,-775.8398188586681

690,0.5726799999995726,17.016259317759317,-774.6990187461839

691,0.5722999999995723,31.18148755378988,-773.5411444555232

692,0.5718199999995718,-10092.706736426746,-786.9115398528994

693,0.5715599999995715,6.180527341858664,-785.7753047996117

694,0.5712599999995712,19.946668807417154,-784.622626725782

695,0.5707599999995707,68.5613925667609,-783.4037924125068

696,0.5702799999995702,26.799971974387937,-782.2480095817125

680,0.5772999999995773,50.97895964759837,-755.973045159245

681,0.5767199999995767,-28711.61597654151,-796.6653929487388

682,0.5763999999995764,14.410088203413341,-795.4865041679946

683,0.576019999999576,10.994228712450193,-794.3159951217239

684,0.5756999999995757,3.788396594367744,-793.1593220902512

685,0.5751199999995751,18.626385084689048,-791.9845236717636

686,0.5748199999995748,-0.28169327068803174,-790.8404444370801

687,0.5743799999995743,-8297.36056591033,-801.6723638042854

688,0.5739199999995739,-10734.051110450433,-815.9841487418158

689,0.5732399999995732,40.12816215580276,-814.7523324671429

690,0.5726399999995726,21.439342855387476,-813.5509076462772

680,0.5763999999995764,106.80258679298531,-754.7061205895648

681,0.576079999999576,6.636140820944313,-753.5881437005626

682,0.5758199999995758,14.220836797991069,-752.4606708951316

683,0.5756599999995756,-1.2006671262089124,-751.3574990834298

684,0.5751199999995751,83.16705228273511,-750.1320592135824

685,0.5744399999995744,-22679.09554656379,-782.3331803403815

686,0.5739399999995739,74.53658975987035,-781.0749281082226

687,0.5736999999995737,1.3615815182372772,-779.9259758180222

688,0.5732999999995733,17.79199370962329,-778.754583792284

689,0.5728599999995728,46.72889745807147,-777.5424200900075

690,0.5724999999995725,6.889787093615961,-776.3905372600756

691,0.572059999999572,-501.5731545275719,-775.986987505696

692,0.5717799999995717,9.54333292380199,-774.8334921746689

693,0.5712599999995712,54.315118131643025,-773.6159464913997

694,0.5709799999995709,9.450403397876713,-772.4660693256299

695,0.5707199999995707,5.502026160090743,-771.3236785833601

696,0.57001999999957,-7960.487950707834,-781.8804543133518

697,0.5696599999995696,-12266.072252363198,-798.7441720784765

698,0.5694199999995694,1.5672662271394824,-797.5689717285418

699,0.5687199999995687,-822.2399946437495,-797.6051993686522

700,0.5684399999995684,0.38612823698739396,-796.4334059360447

701,0.5681599999995681,16.699051534411154,-795.239378832564

702,0.5676999999995677,97.07794293335421,-793.929074395316

703,0.5672199999995672,30.16976260635937,-792.7189439445059

704,0.5666999999995667,48.71494828697059,-791.4833581996726

705,0.5662999999995663,4.911076896000516,-790.3139096899872

706,0.5659399999995659,12.209375307924926,-789.1354614007099

707,0.5653999999995654,15.310596474429797,-787.9541896563998

708,0.5651799999995651,-2.1954605196589494,-786.8003589234529

709,0.5647599999995647,23.969045893953332,-785.6098017944993

710,0.5644199999995644,2.1061788450358696,-784.4530969771137

711,0.5641799999995641,-1.5914428921802277,-783.3035203925543

712,0.5638799999995638,0.12310393475113202,-782.1531141894304

713,0.5632199999995632,54.53762108476238,-780.924493432787

714,0.5627599999995627,40.08087251665174,-779.7189055239038

715,0.5622799999995622,30.136553025338955,-778.529690459955

716,0.5614199999995614,215.0213742706628,-777.0707314809084

717,0.5606199999995606,17.975951796848097,-775.9032620487825

718,0.5601799999995601,14.81882856128756,-774.7421429729967

719,0.5598799999995598,1.5529964014325817,-773.6022088476304

720,0.559039999999559,25.34576261513091,-771.2917511871626
721,0.5588799999995588,5.558048490867872,-770.2142896064719
722,0.5587399999995587,-1.0088791192974895,-769.1474305073218
723,0.5584599999995584,26.332665127469227,-768.0441294038061
724,0.5581399999995581,24.930384293499184,-766.9443034486086
725,0.5579399999995579,3.031920069101014,-765.8763752606505
726,0.5577599999995577,2.262372172670439,-764.8109955832118
727,0.5575199999995575,12.314797245431691,-763.7331512103566
728,0.5571599999995571,39.57309656267465,-762.6189955268989
729,0.5567399999995567,50.11171447869856,-761.4917684672516
730,0.5563399999995563,22.698566497552875,-760.4041258390065
731,0.5559399999995559,88.4261789742708,-759.2268299932184
732,0.5556799999995556,5.483452262419378,-758.1662054685919
733,0.5553199999995553,-10134.90501947113,-771.1713910636023
734,0.5552999999995553,0.0,-770.1018052230148
735,0.5548999999995549,57.02129878718873,-768.9546164518495
736,0.5544999999995545,71.60535603093209,-767.7887912472962
737,0.5541599999995541,22.454176411482557,-766.6927538441633
738,0.5538199999995538,-23788.385030277423,-798.6229789154993
739,0.5533999999995534,70.67713948362507,-797.4172922048208
740,0.5528199999995528,89.41193869139533,-796.187293271539
741,0.5525399999995525,17.599769786743423,-795.0586010897662
742,0.5519199999995519,10.43181023558305,-793.9414160532539
743,0.5515799999995515,13.72057683932358,-792.8212191144293
744,0.5513399999995513,3.9973186837546315,-791.7160616417549
745,0.5511399999995511,1.2349708709969507,-790.6162682540812
746,0.5507399999995507,21.232761361301414,-789.4902640521182
747,0.5504599999995504,19.46028761474342,-788.3682799305276
748,0.54999999999955,50.2002709476363,-787.2052167531652
749,0.5495799999995495,43.2357944541652,-786.0534261689666
750,0.5492799999995492,4.441012958064085,-784.9570399843243
751,0.5489599999995489,15.818655555369332,-783.8463940820502
752,0.5486799999995486,13.694680498461093,-782.7402344779163
753,0.5482799999995482,11.224604224480242,-781.6390349790227
754,0.5476999999995477,57.41560871781251,-780.475297609124
755,0.5472999999995473,39.7477103555575,-779.3376790127792
756,0.5469799999995469,12.215251932702259,-778.239824739623
757,0.5466199999995466,10.998635321687994,-777.145180550911
758,0.5461599999995461,3.769339471009813,-776.062081355319
759,0.5456399999995456,-20791.18634142323,-803.8223091778821
760,0.5451199999995451,9.412405302811184,-802.6943830829018
761,0.5449199999995449,1.4236582065361212,-801.5791014722367
762,0.5446399999995446,14.359113356797025,-800.4474257235141
763,0.5443199999995443,22.364698735636015,-799.3062161195487
764,0.5437999999995438,76.13404355310352,-798.0920132628597
765,0.5434199999995434,29.38187873343653,-796.944337961894
766,0.5431199999995431,3.2323534959824087,-795.8345228558497
767,0.5427199999995427,3.411543406052127,-794.7259984921022
768,0.5424999999995425,-1.5061926272068915,-793.6258323258542
769,0.5421999999995422,5.271903554210999,-792.517791083302
770,0.5417799999995417,37.255302500479516,-791.3669268758349
771,0.5412399999995412,113.34379745896199,-790.1121269807799
772,0.541039999999541,0.2691126603424112,-789.0158977995856
773,0.5406799999995406,12.90331510262558,-787.903665881552
774,0.5402399999995402,19.773183312892204,-786.7834483375931
775,0.5393199999995393,188.38886102777312,-785.4309208627452
776,0.5388199999995388,99.23766190552851,-784.203918667505
777,0.5385799999995385,-1434.418338531408,-785.1057417186338
778,0.5380999999995381,76.75023102628154,-783.9103797592094
779,0.5378599999995378,-1.433893418759118,-782.8251141748259
780,0.5376199999995376,4.34219929799751,-781.7333425888719
781,0.5370999999995371,-271.86795261244777,-781.0261783864081
782,0.5368599999995368,5.684717155294493,-779.9350398350326
783,0.5364999999995365,20.22283102164843,-778.8252508324574
784,0.5362199999995362,7.315237639722785,-777.7349034143268
785,0.5359799999995359,-1.0699357728695624,-776.6576981887494
786,0.5353799999995353,46.20062200153926,-775.5164245130346
787,0.5349799999995349,15.038750028698349,-774.4199540906466
788,0.5346999999995347,3.9034387083941375,-773.3404486914801
789,0.5342799999995342,15.290155353588993,-772.2466475762997
790,0.5339399999995339,27.823092978464512,-771.1369808071529
791,0.5333999999995334,123.0425463909196,-769.8967872881542
792,0.5331399999995331,0.3108482622192241,-768.8285381403728
793,0.5328999999995329,1.7812935139860002,-767.7597311616566
794,0.5325799999995325,11.154161705897423,-766.6794067610082
795,0.5323599999995323,-0.24251875979825854,-765.6163874988705
796,0.5321399999995321,-0.4838735362444262,-764.5551773546781
797,0.5312199999995312,-480.43691482713336,-764.1611159642099
798,0.5308599999995308,-0.001755053696782305,-763.1012555468583
799,0.5305199999995305,57.77138571079746,-761.9627359334635
800,0.5302799999995302,1.1443600437643866,-760.9043349681691
800,0.5294999999995295,118.13471262597241,-759.8069079424586
801,0.529039999999529,34.208298012328925,-758.8156280348995
802,0.5287799999995287,0.22031789668835655,-757.8680176155093
803,0.5284199999995284,9.89818519923395,-756.9095079990115
804,0.5280999999995281,2.0460104231012295,-755.9619979884969
805,0.5275399999995275,12.786332840259412,-755.0022622446409
806,0.5267199999995267,120.29291908213219,-753.9095092092766
807,0.5262799999995262,14.862717773519854,-752.949743632519
808,0.5252999999995253,-1137.8136159247072,-753.4302228738325
809,0.5247999999995248,-24167.238429304118,-782.6609447295506
810,0.5242799999995242,29.21031541385203,-781.6473726195088
811,0.5237799999995237,21.387614080341333,-780.6448320618312
812,0.5232799999995232,18.763666126114774,-779.6468189554791
813,0.5225999999995226,4.90329029854756,-778.6673556480458
814,0.522039999999522,-22107.750361263537,-805.2954243192262
815,0.5216199999995216,8.004482544566109,-804.2800686302576
800,0.5291199999995291,17.610876087987428,-758.8363489112096
801,0.5286399999995286,-21908.50421621648,-785.2404286456732
802,0.5282399999995282,45.195973364635535,-784.2036790801172
803,0.528019999999528,-2.130251953056747,-783.2273077603581
804,0.5277599999995277,0.5422063211718471,-782.2488189787332
800,0.5287999999995288,9.412512543577757,-757.8772367246244
801,0.5283399999995283,59.27709895162843,-756.8570690146665
802,0.5279399999995279,9.99547649771119,-755.8997000439894
803,0.5279199999995279,0.0,-754.9560050376922
804,0.5275399999995275,17.59214824810624,-753.9915254455751
805,0.5272799999995272,-0.6608080541349723,-753.0510376585696
806,0.5269399999995269,1.2724554263704988,-752.1093104512225
807,0.5262599999995262,15.065370367929614,-751.15153931412
808,0.5257199999995257,56.56275372135668,-750.143156925811
809,0.5252799999995252,16.642780109206964,-749.1858711117849
810,0.5246199999995246,44.29582755564417,-748.1952572557708
811,0.5242599999995242,3.3299817735213733,-747.25702349918
812,0.5237799999995237,1.7408356591417853,-746.3219450233271
813,0.5231799999995231,49.8957270846245,-745.3279154701337
814,0.5227999999995228,3.9429238843101047,-744.3924961950346
815,0.5223399999995223,25.342872864183,-743.4315281937122
816,0.5219399999995219,2.164911862787224,-742.5006961836541
817,0.5213199999995213,-19734.733936669312,-766.2113494177186
818,0.5206999999995207,56.1552479241509,-765.1846745146701
819,0.5204199999995204,-1.457316361048577,-764.2312071511824
820,0.5198199999995198,50.2688855731365,-763.2143531028374
820,0.5198199999995198,-10.021023932623184,-762.2969434448956
821,0.5192399999995192,2.920254316373696,-761.3648883928113
822,0.515079999999515,98.30493236387954,-760.3177875149103
823,0.5132599999995132,24.227678808430277,-759.3621901137856
824,0.5112199999995112,15.10688208257104,-758.4188660307206
825,0.5096799999995096,15.517899511475004,-757.4761903114243
826,0.5078599999995078,16.483011777684396,-756.5334872638127
827,0.5067799999995067,4.946828705270989,-755.6059838338869
828,0.5047599999995047,-307.5544841827086,-755.0602451010596
829,0.5031199999995031,17.587715219415603,-754.1191391810589
830,0.5015799999995015,16.796064470104213,-753.1801438051135
831,0.49969999999949966,-371.4151587221054,-752.7151438232828
832,0.4966599999994966,44.646043285011686,-751.7439365308244
833,0.4955399999994955,3.079679077008935,-750.8245411403154
834,0.4944199999994944,4.345822862819677,-749.9047234009694
835,0.49139999999949135,65.42147627384698,-748.9116342418041
820,0.5198199999995198,-31.53607981054288,-761.4068571310902
820,0.5198199999995198,-16.53672716213172,-760.4995853528088
821,0.5192599999995192,5.248514100130912,-759.5668836482376
822,0.5182399999995182,4.151976589042393,-758.6366536114078
823,0.5161999999995162,25.99411507667874,-757.680952309717
824,0.5149799999995149,6.854316162846965,-756.7497278657796
825,0.5135599999995135,25.19265431132149,-755.7973010908988
826,0.5127399999995127,5.795982072314647,-754.8696600639034
827,0.5100999999995101,-12665.289444947544,-769.3768705205217
828,0.5071399999995071,-29477.90168936339,-804.3446230404278
